{
  "measurement_scope": {
    "prefill": "aggregated from the per-shape prefill measurements in this run",
    "decode": "aggregated from the per-shape decode measurements in this run"
  },
  "prefill_latency_ms": {
    "baseline": {
      "status": "measured",
      "measurements": {
        "batch1_seq256": 31.04317436218262,
        "batch1_seq512": 50.97144241333008,
        "batch1_seq1024": 92.83625030517578,
        "batch1_seq2048": 181.20867919921875,
        "batch4_seq256": 91.73073883056641,
        "batch4_seq512": 176.39997253417968,
        "batch4_seq1024": 345.590380859375,
        "batch4_seq2048": 694.7129272460937
      },
      "average_latency_ms": 208.06169571876526,
      "average_throughput_tok_s": 10880.25529642346
    },
    "unaligned": {
      "status": "measured",
      "measurements": {
        "batch1_seq256": 32.78847961425781,
        "batch1_seq512": 53.83905258178711,
        "batch1_seq1024": 97.04243316650391,
        "batch1_seq2048": 186.8464141845703,
        "batch4_seq256": 95.4566650390625,
        "batch4_seq512": 181.41142883300782,
        "batch4_seq1024": 355.280078125,
        "batch4_seq2048": 714.1803955078125
      },
      "average_latency_ms": 214.60561838150025,
      "average_throughput_tok_s": 10480.950117953516
    },
    "aligned_gac": {
      "status": "measured",
      "measurements": {
        "batch1_seq256": 32.567090606689455,
        "batch1_seq512": 52.261067962646486,
        "batch1_seq1024": 94.25592193603515,
        "batch1_seq2048": 183.06682739257812,
        "batch4_seq256": 92.54092864990234,
        "batch4_seq512": 177.52432861328126,
        "batch4_seq1024": 349.7461791992188,
        "batch4_seq2048": 702.9948364257813
      },
      "average_latency_ms": 210.6196475982666,
      "average_throughput_tok_s": 10709.570122572723
    }
  },
  "decode_latency_ms": {
    "baseline": {
      "status": "measured",
      "measurements": {
        "batch1_ctx512_gen64": 1405.9921142578125,
        "batch1_ctx512_gen128": 2729.897802734375,
        "batch1_ctx1024_gen64": 1435.8864990234374,
        "batch1_ctx1024_gen128": 2806.5552734375,
        "batch4_ctx512_gen64": 1583.098046875,
        "batch4_ctx512_gen128": 2979.962060546875,
        "batch4_ctx1024_gen64": 1724.6342529296876,
        "batch4_ctx1024_gen128": 3155.14296875
      },
      "average_latency_ms": 2227.646127319336,
      "average_throughput_tok_s": 103.36602343555725,
      "actual_new_tokens": {
        "batch1_ctx512_gen64": 64,
        "batch1_ctx512_gen128": 128,
        "batch1_ctx1024_gen64": 64,
        "batch1_ctx1024_gen128": 128,
        "batch4_ctx512_gen64": 64,
        "batch4_ctx512_gen128": 128,
        "batch4_ctx1024_gen64": 64,
        "batch4_ctx1024_gen128": 128
      },
      "decode_length_mode": "fixed_new_tokens"
    },
    "unaligned": {
      "status": "measured",
      "measurements": {
        "batch1_ctx512_gen64": 1752.080859375,
        "batch1_ctx512_gen128": 3478.05703125,
        "batch1_ctx1024_gen64": 1805.50283203125,
        "batch1_ctx1024_gen128": 3524.39208984375,
        "batch4_ctx512_gen64": 1946.2641845703124,
        "batch4_ctx512_gen128": 3824.42333984375,
        "batch4_ctx1024_gen64": 2136.811328125,
        "batch4_ctx1024_gen128": 3963.695849609375
      },
      "average_latency_ms": 2803.9034393310544,
      "average_throughput_tok_s": 82.43939850359618,
      "actual_new_tokens": {
        "batch1_ctx512_gen64": 64,
        "batch1_ctx512_gen128": 128,
        "batch1_ctx1024_gen64": 64,
        "batch1_ctx1024_gen128": 128,
        "batch4_ctx512_gen64": 64,
        "batch4_ctx512_gen128": 128,
        "batch4_ctx1024_gen64": 64,
        "batch4_ctx1024_gen128": 128
      },
      "decode_length_mode": "fixed_new_tokens"
    },
    "aligned_gac": {
      "status": "measured",
      "measurements": {
        "batch1_ctx512_gen64": 1664.7283447265625,
        "batch1_ctx512_gen128": 3305.748974609375,
        "batch1_ctx1024_gen64": 1712.603759765625,
        "batch1_ctx1024_gen128": 3365.62177734375,
        "batch4_ctx512_gen64": 1889.2639404296874,
        "batch4_ctx512_gen128": 3640.9908203125,
        "batch4_ctx1024_gen64": 2053.387353515625,
        "batch4_ctx1024_gen128": 3792.72548828125
      },
      "average_latency_ms": 2678.1338073730467,
      "average_throughput_tok_s": 86.04594039975174,
      "actual_new_tokens": {
        "batch1_ctx512_gen64": 64,
        "batch1_ctx512_gen128": 128,
        "batch1_ctx1024_gen64": 64,
        "batch1_ctx1024_gen128": 128,
        "batch4_ctx512_gen64": 64,
        "batch4_ctx512_gen128": 128,
        "batch4_ctx1024_gen64": 64,
        "batch4_ctx1024_gen128": 128
      },
      "decode_length_mode": "fixed_new_tokens"
    }
  },
  "alignment_pct": {
    "baseline": {
      "status": "measured",
      "value": 100.0
    },
    "unaligned": {
      "status": "measured",
      "value": 63.4375
    },
    "aligned_gac": {
      "status": "measured",
      "value": 100.0
    }
  },
  "sources": {
    "comparison_json": "comparison.json",
    "results_json": "results.json",
    "comparison_metrics": "comparison.json"
  },
  "notes": [
    "baseline / unaligned / aligned_gac are mapped from baseline / palu / {aligned_gac|palu_repair} variants in this run"
  ]
}